id_etudiant,stage1A,majeur,electif_1,electif_2,electif_3,Parcours_S8,stage_2A,cesure,option_3A,Filiere_3A,PFE
1,Informatique,Modélisation & Energie,Introduction au Machine Learning,Logiciels de commerce (CATIA et ABAQUS),Marketing,Ingénierie des systèmes complexes (ISC),Informatique,Césure académique - Informatique,Sciences de données et digitalisation,Manager,Informatique
2,Electronique,Modélisation & Matériaux,Physique théorique,Réseaux Télécoms,La ville de demain : initiation à une démarche responsable et durable,Industrie 4.0,Electronique,Césure académique - Electronique,Génie industriel,Entrepreneur,Electronique
3,Génie Civil,Modélisation & Aide à la décision,Gestion des risques (politique, économique, socioculturel, psychosociale,technologique…),Durabilité environnementale et justice sociale,Stratégie d'entreprise,Analyse des politiques publiques en développement I,Génie Civil,Césure académique - Génie Civil,Energie et développement durable,Recherche,Génie Civil
4,Chimie,Modélisation & Industrie,Traitement d'images et multimédias,La ville de demain : initiation à une démarche responsable et durable,Enjeux Socioéconomiques en Afrique,Ingénierie des systèmes complexes (ISC),Chimie,Césure professionnelle - Chimie,Sciences de données et digitalisation,Conception et Innovation,Chimie
5,Physique,Modélisation & Energie,Applications de la physique statistique aux SHS,Nouvelles technologies pour la mobilité terrestre,Enjeux Socioéconomiques en Afrique,Développement en Afrique (DEA),Physique,Césure académique - Physique,Sciences de données et digitalisation,Manager,Informatique
6,Informatique,Modélisation & Energie,Introduction au Machine Learning,Logiciels de commerce (CATIA et ABAQUS),Marketing,Ingénierie des systèmes complexes (ISC),Informatique,Césure académique - Informatique,Sciences de données et digitalisation,Manager,Informatique
7,Electronique,Modélisation & Matériaux,Physique théorique,Réseaux Télécoms,La ville de demain : initiation à une démarche responsable et durable,Industrie 4.0,Electronique,Césure académique - Electronique,Génie industriel,Entrepreneur,Electronique
8,Génie Civil,Modélisation & Aide à la décision,Gestion des risques (politique, économique, socioculturel, psychosociale,technologique…),Durabilité environnementale et justice sociale,Stratégie d'entreprise,Analyse des politiques publiques en développement I,Génie Civil,Césure académique - Génie Civil,Energie et développement durable,Recherche,Génie Civil
9,Chimie,Modélisation & Industrie,Traitement d'images et multimédias,La ville de demain : initiation à une démarche responsable et durable,Enjeux Socioéconomiques en Afrique,Ingénierie des systèmes complexes (ISC),Chimie,Césure professionnelle - Chimie,Sciences de données et digitalisation,Conception et Innovation,Chimie
10,Physique,Modélisation & Energie,Applications de la physique statistique aux SHS,Nouvelles technologies pour la mobilité terrestre,Enjeux Socioéconomiques en Afrique,Développement en Afrique (DEA),Physique,Césure académique - Physique,Sciences de données et digitalisation,Manager,Informatique
11,Informatique,Modélisation & Energie,Introduction au Machine Learning,Logiciels de commerce (CATIA et ABAQUS),Marketing,Ingénierie des systèmes complexes (ISC),Informatique,Césure académique - Informatique,Sciences de données et digitalisation,Manager,Informatique
12,Electronique,Modélisation & Matériaux,Physique théorique,Réseaux Télécoms,La ville de demain : initiation à une démarche responsable et durable,Industrie 4.0,Electronique,Césure académique - Electronique,Génie industriel,Entrepreneur,Electronique
13,Génie Civil,Modélisation & Aide à la décision,Gestion des risques (politique, économique, socioculturel, psychosociale,technologique…),Durabilité environnementale et justice sociale,Stratégie d'entreprise,Analyse des politiques publiques en développement I,Génie Civil,Césure académique - Génie Civil,Energie et développement durable,Recherche,Génie Civil
14,Chimie,Modélisation & Industrie,Traitement d'images et multimédias,La ville de demain : initiation à une démarche responsable et durable,Enjeux Socioéconomiques en Afrique,Ingénierie des systèmes complexes (ISC),Chimie,Césure professionnelle - Chimie,Sciences de données et digitalisation,Conception et Innovation,Chimie
15,Physique,Modélisation & Energie,Applications de la physique statistique aux SHS,Nouvelles technologies pour la mobilité terrestre,Enjeux Socioéconomiques en Afrique,Développement en Afrique (DEA),Physique,Césure académique - Physique,Sciences de données et digitalisation,Manager,Informatique
16,Informatique,Modélisation & Energie,Introduction au Machine Learning,Logiciels de commerce (CATIA et ABAQUS),Marketing,Ingénierie des systèmes complexes (ISC),Informatique,Césure académique - Informatique,Sciences de données et digitalisation,Manager,Informatique
17,Electronique,Modélisation & Matériaux,Physique théorique,Réseaux Télécoms,La ville de demain : initiation à une démarche responsable et durable,Industrie 4.0,Electronique,Césure académique - Electronique,Génie industriel,Entrepreneur,Electronique
18,Génie Civil,Modélisation & Aide à la décision,Gestion des risques (politique, économique, socioculturel, psychosociale,technologique…),Durabilité environnementale et justice sociale,Stratégie d'entreprise,Analyse des politiques publiques en développement I,Génie Civil,Césure académique - Génie Civil,Energie et développement durable,Recherche,Génie Civil
19,Chimie,Modélisation & Industrie,Traitement d'images et multimédias,La ville de demain : initiation à une démarche responsable et durable,Enjeux Socioéconomiques en Afrique,Ingénierie des systèmes complexes (ISC),Chimie,Césure professionnelle - Chimie,Sciences de données et digitalisation,Conception et Innovation,Chimie
20,Physique,Modélisation & Energie,Applications de la physique statistique aux SHS,Nouvelles technologies pour la mobilité terrestre,Enjeux Socioéconomiques en Afrique,Développement en Afrique (DEA),Physique,Césure académique - Physique,Sciences de données et digitalisation,Manager,Informatique
21,Informatique,Modélisation & Energie,Introduction au Machine Learning,Logiciels de commerce (CATIA et ABAQUS),Marketing,Ingénierie des systèmes complexes (ISC),Informatique,Césure académique - Informatique,Sciences de données et digitalisation,Manager,Informatique
22,Electronique,Modélisation & Matériaux,Physique théorique,Réseaux Télécoms,La ville de demain : initiation à une démarche responsable et durable,Industrie 4.0,Electronique,Césure académique - Electronique,Génie industriel,Entrepreneur,Electronique
23,Génie Civil,Modélisation & Aide à la décision,Gestion des risques (politique, économique, socioculturel, psychosociale,technologique…),Durabilité environnementale et justice sociale,Stratégie d'entreprise,Analyse des politiques publiques en développement I,Génie Civil,Césure académique - Génie Civil,Energie et développement durable,Recherche,Génie Civil
24,Chimie,Modélisation & Industrie,Traitement d'images et multimédias,La ville de demain : initiation à une démarche responsable et durable,Enjeux Socioéconomiques en Afrique,Ingénierie des systèmes complexes (ISC),Chimie,Césure professionnelle - Chimie,Sciences de données et digitalisation,Conception et Innovation,Chimie
25,Physique,Modélisation & Energie,Applications de la physique statistique aux SHS,Nouvelles technologies pour la mobilité terrestre,Enjeux Socioéconomiques en Afrique,Développement en Afrique (DEA),Physique,Césure académique - Physique,Sciences de données et digitalisation,Manager,Informatique
26,Informatique,Modélisation & Energie,Introduction au Machine Learning,Logiciels de commerce (CATIA et ABAQUS),Marketing,Ingénierie des systèmes complexes (ISC),Informatique,Césure académique - Informatique,Sciences de données et digitalisation,Manager,Informatique
27,Electronique,Modélisation & Matériaux,Physique théorique,Réseaux Télécoms,La ville de demain : initiation à une démarche responsable et durable,Industrie 4.0,Electronique,Césure académique - Electronique,Génie industriel,Entrepreneur,Electronique
28,Génie Civil,Modélisation & Aide à la décision,Gestion des risques (politique, économique, socioculturel, psychosociale,technologique…),Durabilité environnementale et justice sociale,Stratégie d'entreprise,Analyse des politiques publiques en développement I,Génie Civil,Césure académique - Génie Civil,Energie et développement durable,Recherche,Génie Civil
29,Chimie,Modélisation & Industrie,Traitement d'images et multimédias,La ville de demain : initiation à une démarche responsable et durable,Enjeux Socioéconomiques en Afrique,Ingénierie des systèmes complexes (ISC),Chimie,Césure professionnelle - Chimie,Sciences de données et digitalisation,Conception et Innovation,Chimie
30,Physique,Modélisation & Energie,Applications de la physique statistique aux SHS,Nouvelles technologies pour la mobilité terrestre,Enjeux Socioéconomiques en Afrique,Développement en Afrique (DEA),Physique,Césure académique - Physique,Sciences de données et digitalisation,Manager,Informatique
31,Informatique,Modélisation & Energie,Introduction au Machine Learning,Logiciels de commerce (CATIA et ABAQUS),Marketing,Ingénierie des systèmes complexes (ISC),Informatique,Césure académique - Informatique,Sciences de données et digitalisation,Manager,Informatique
32,Electronique,Modélisation & Matériaux,Physique théorique,Réseaux Télécoms,La ville de demain : initiation à une démarche responsable et durable,Industrie 4.0,Electronique,Césure académique - Electronique,Génie industriel,Entrepreneur,Electronique
33,Génie Civil,Modélisation & Aide à la décision,Gestion des risques (politique, économique, socioculturel, psychosociale,technologique…),Durabilité environnementale et justice sociale,Stratégie d'entreprise,Analyse des politiques publiques en développement I,Génie Civil,Césure académique - Génie Civil,Energie et développement durable,Recherche,Génie Civil
34,Chimie,Modélisation & Industrie,Traitement d'images et multimédias,La ville de demain : initiation à une démarche responsable et durable,Enjeux Socioéconomiques en Afrique,Ingénierie des systèmes complexes (ISC),Chimie,Césure professionnelle - Chimie,Sciences de données et digitalisation,Conception et Innovation,Chimie
35,Physique,Modélisation & Energie,Applications de la physique statistique aux SHS,Nouvelles technologies pour la mobilité terrestre,Enjeux Socioéconomiques en Afrique,Développement en Afrique (DEA),Physique,Césure académique - Physique,Sciences de données et digitalisation,Manager,Informatique
36,Informatique,Modélisation & Energie,Introduction au Machine Learning,Logiciels de commerce (CATIA et ABAQUS),Marketing,Ingénierie des systèmes complexes (ISC),Informatique,Césure académique - Informatique,Sciences de données et digitalisation,Manager,Informatique
37,Electronique,Modélisation & Matériaux,Physique théorique,Réseaux Télécoms,La ville de demain : initiation à une démarche responsable et durable,Industrie 4.0,Electronique,Césure académique - Electronique,Génie industriel,Entrepreneur,Electronique
38,Génie Civil,Modélisation & Aide à la décision,Gestion des risques (politique, économique, socioculturel, psychosociale,technologique…),Durabilité environnementale et justice sociale,Stratégie d'entreprise,Analyse des politiques publiques en développement I,Génie Civil,Césure académique - Génie Civil,Energie et développement durable,Recherche,Génie Civil
39,Chimie,Modélisation & Industrie,Traitement d'images et multimédias,La ville de demain : initiation à une démarche responsable et durable,Enjeux Socioéconomiques en Afrique,Ingénierie des systèmes complexes (ISC),Chimie,Césure professionnelle - Chimie,Sciences de données et digitalisation,Conception et Innovation,Chimie
40,Physique,Modélisation & Energie,Applications de la physique statistique aux SHS,Nouvelles technologies pour la mobilité terrestre,Enjeux Socioéconomiques en Afrique,Développement en Afrique (DEA),Physique,Césure académique - Physique,Sciences de données et digitalisation,Manager,Informatique
41,Informatique,Modélisation & Energie,Introduction au Machine Learning,Logiciels de commerce (CATIA et ABAQUS),Marketing,Ingénierie des systèmes complexes (ISC),Informatique,Césure académique - Informatique,Sciences de données et digitalisation,Manager,Informatique
42,Electronique,Modélisation & Matériaux,Physique théorique,Réseaux Télécoms,La ville de demain : initiation à une démarche responsable et durable,Industrie 4.0,Electronique,Césure académique - Electronique,Génie industriel,Entrepreneur,Electronique
43,Génie Civil,Modélisation & Aide à la décision,Gestion des risques (politique, économique, socioculturel, psychosociale,technologique…),Durabilité environnementale et justice sociale,Stratégie d'entreprise,Analyse des politiques publiques en développement I,Génie Civil,Césure académique - Génie Civil,Energie et développement durable,Recherche,Génie Civil
44,Chimie,Modélisation & Industrie,Traitement d'images et multimédias,La ville de demain : initiation à une démarche responsable et durable,Enjeux Socioéconomiques en Afrique,Ingénierie des systèmes complexes (ISC),Chimie,Césure professionnelle - Chimie,Sciences de données et digitalisation,Conception et Innovation,Chimie
45,Physique,Modélisation & Energie,Applications de la physique statistique aux SHS,Nouvelles technologies pour la mobilité terrestre,Enjeux Socioéconomiques en Afrique,Développement en Afrique (DEA),Physique,Césure académique - Physique,Sciences de données et digitalisation,Manager,Informatique
46,Informatique,Modélisation & Energie,Introduction au Machine Learning,Logiciels de commerce (CATIA et ABAQUS),Marketing,Ingénierie des systèmes complexes (ISC),Informatique,Césure académique - Informatique,Sciences de données et digitalisation,Manager,Informatique
47,Electronique,Modélisation & Matériaux,Physique théorique,Réseaux Télécoms,La ville de demain : initiation à une démarche responsable et durable,Industrie 4.0,Electronique,Césure académique - Electronique,Génie industriel,Entrepreneur,Electronique
48,Génie Civil,Modélisation & Aide à la décision,Gestion des risques (politique, économique, socioculturel, psychosociale,technologique…),Durabilité environnementale et justice sociale,Stratégie d'entreprise,Analyse des politiques publiques en développement I,Génie Civil,Césure académique - Génie Civil,Energie et développement durable,Recherche,Génie Civil
49,Chimie,Modélisation & Industrie,Traitement d'images et multimédias,La ville de demain : initiation à une démarche responsable et durable,Enjeux Socioéconomiques en Afrique,Ingénierie des systèmes complexes (ISC),Chimie,Césure professionnelle - Chimie,Sciences de données et digitalisation,Conception et Innovation,Chimie
50,Physique,Modélisation & Energie,Applications de la physique statistique aux SHS,Nouvelles technologies pour la mobilité terrestre,Enjeux Socioéconomiques en Afrique,Développement en Afrique (DEA),Physique,Césure académique - Physique,Sciences de données et digitalisation,Manager,Informatique
51,Informatique,Modélisation & Energie,Introduction au Machine Learning,Logiciels de commerce (CATIA et ABAQUS),Marketing,Ingénierie des systèmes complexes (ISC),Informatique,Césure académique - Informatique,Sciences de données et digitalisation,Manager,Informatique
52,Electronique,Modélisation & Matériaux,Physique théorique,Réseaux Télécoms,La ville de demain : initiation à une démarche responsable et durable,Industrie 4.0,Electronique,Césure académique - Electronique,Génie industriel,Entrepreneur,Electronique
53,Génie Civil,Modélisation & Aide à la décision,Gestion des risques (politique, économique, socioculturel, psychosociale,technologique…),Durabilité environnementale et justice sociale,Stratégie d'entreprise,Analyse des politiques publiques en développement I,Génie Civil,Césure académique - Génie Civil,Energie et développement durable,Recherche,Génie Civil
54,Chimie,Modélisation & Industrie,Traitement d'images et multimédias,La ville de demain : initiation à une démarche responsable et durable,Enjeux Socioéconomiques en Afrique,Ingénierie des systèmes complexes (ISC),Chimie,Césure professionnelle - Chimie,Sciences de données et digitalisation,Conception et Innovation,Chimie
55,Physique,Modélisation & Energie,Applications de la physique statistique aux SHS,Nouvelles technologies pour la mobilité terrestre,Enjeux Socioéconomiques en Afrique,Développement en Afrique (DEA),Physique,Césure académique - Physique,Sciences de données et digitalisation,Manager,Informatique
56,Informatique,Modélisation & Energie,Introduction au Machine Learning,Logiciels de commerce (CATIA et ABAQUS),Marketing,Ingénierie des systèmes complexes (ISC),Informatique,Césure académique - Informatique,Sciences de données et digitalisation,Manager,Informatique
57,Electronique,Modélisation & Matériaux,Physique théorique,Réseaux Télécoms,La ville de demain : initiation à une démarche responsable et durable,Industrie 4.0,Electronique,Césure académique - Electronique,Génie industriel,Entrepreneur,Electronique
58,Génie Civil,Modélisation & Aide à la décision,Gestion des risques (politique, économique, socioculturel, psychosociale,technologique…),Durabilité environnementale et justice sociale,Stratégie d'entreprise,Analyse des politiques publiques en développement I,Génie Civil,Césure académique - Génie Civil,Energie et développement durable,Recherche,Génie Civil
59,Chimie,Modélisation & Industrie,Traitement d'images et multimédias,La ville de demain : initiation à une démarche responsable et durable,Enjeux Socioéconomiques en Afrique,Ingénierie des systèmes complexes (ISC),Chimie,Césure professionnelle - Chimie,Sciences de données et digitalisation,Conception et Innovation,Chimie
60,Physique,Modélisation & Energie,Applications de la physique statistique aux SHS,Nouvelles technologies pour la mobilité terrestre,Enjeux Socioéconomiques en Afrique,Développement en Afrique (DEA),Physique,Césure académique - Physique,Sciences de données et digitalisation,Manager,Informatique
61,Informatique,Modélisation & Energie,Introduction au Machine Learning,Logiciels de commerce (CATIA et ABAQUS),Marketing,Ingénierie des systèmes complexes (ISC),Informatique,Césure académique - Informatique,Sciences de données et digitalisation,Manager,Informatique
62,Electronique,Modélisation & Matériaux,Physique théorique,Réseaux Télécoms,La ville de demain : initiation à une démarche responsable et durable,Industrie 4.0,Electronique,Césure académique - Electronique,Génie industriel,Entrepreneur,Electronique
63,Génie Civil,Modélisation & Aide à la décision,Gestion des risques (politique, économique, socioculturel, psychosociale,technologique…),Durabilité environnementale et justice sociale,Stratégie d'entreprise,Analyse des politiques publiques en développement I,Génie Civil,Césure académique - Génie Civil,Energie et développement durable,Recherche,Génie Civil
64,Chimie,Modélisation & Industrie,Traitement d'images et multimédias,La ville de demain : initiation à une démarche responsable et durable,Enjeux Socioéconomiques en Afrique,Ingénierie des systèmes complexes (ISC),Chimie,Césure professionnelle - Chimie,Sciences de données et digitalisation,Conception et Innovation,Chimie
65,Physique,Modélisation & Energie,Applications de la physique statistique aux SHS,Nouvelles technologies pour la mobilité terrestre,Enjeux Socioéconomiques en Afrique,Développement en Afrique (DEA),Physique,Césure académique - Physique,Sciences de données et digitalisation,Manager,Informatique
66,Informatique,Modélisation & Energie,Introduction au Machine Learning,Logiciels de commerce (CATIA et ABAQUS),Marketing,Ingénierie des systèmes complexes (ISC),Informatique,Césure académique - Informatique,Sciences de données et digitalisation,Manager,Informatique
67,Electronique,Modélisation & Matériaux,Physique théorique,Réseaux Télécoms,La ville de demain : initiation à une démarche responsable et durable,Industrie 4.0,Electronique,Césure académique - Electronique,Génie industriel,Entrepreneur,Electronique
68,Génie Civil,Modélisation & Aide à la décision,Gestion des risques (politique, économique, socioculturel, psychosociale,technologique…),Durabilité environnementale et justice sociale,Stratégie d'entreprise,Analyse des politiques publiques en développement I,Génie Civil,Césure académique - Génie Civil,Energie et développement durable,Recherche,Génie Civil
69,Chimie,Modélisation & Industrie,Traitement d'images et multimédias,La ville de demain : initiation à une démarche responsable et durable,Enjeux Socioéconomiques en Afrique,Ingénierie des systèmes complexes (ISC),Chimie,Césure professionnelle - Chimie,Sciences de données et digitalisation,Conception et Innovation,Chimie
70,Physique,Modélisation & Energie,Applications de la physique statistique aux SHS,Nouvelles technologies pour la mobilité terrestre,Enjeux Socioéconomiques en Afrique,Développement en Afrique (DEA),Physique,Césure académique - Physique,Sciences de données et digitalisation,Manager,Informatique
71,Informatique,Modélisation & Energie,Introduction au Machine Learning,Logiciels de commerce (CATIA et ABAQUS),Marketing,Ingénierie des systèmes complexes (ISC),Informatique,Césure académique - Informatique,Sciences de données et digitalisation,Manager,Informatique
72,Electronique,Modélisation & Matériaux,Physique théorique,Réseaux Télécoms,La ville de demain : initiation à une démarche responsable et durable,Industrie 4.0,Electronique,Césure académique - Electronique,Génie industriel,Entrepreneur,Electronique
73,Génie Civil,Modélisation & Aide à la décision,Gestion des risques (politique, économique, socioculturel, psychosociale,technologique…),Durabilité environnementale et justice sociale,Stratégie d'entreprise,Analyse des politiques publiques en développement I,Génie Civil,Césure académique - Génie Civil,Energie et développement durable,Recherche,Génie Civil
74,Chimie,Modélisation & Industrie,Traitement d'images et multimédias,La ville de demain : initiation à une démarche responsable et durable,Enjeux Socioéconomiques en Afrique,Ingénierie des systèmes complexes (ISC),Chimie,Césure professionnelle - Chimie,Sciences de données et digitalisation,Conception et Innovation,Chimie
75,Physique,Modélisation & Energie,Applications de la physique statistique aux SHS,Nouvelles technologies pour la mobilité terrestre,Enjeux Socioéconomiques en Afrique,Développement en Afrique (DEA),Physique,Césure académique - Physique,Sciences de données et digitalisation,Manager,Informatique
76,Informatique,Modélisation & Energie,Introduction au Machine Learning,Logiciels de commerce (CATIA et ABAQUS),Marketing,Ingénierie des systèmes complexes (ISC),Informatique,Césure académique - Informatique,Sciences de données et digitalisation,Manager,Informatique
77,Electronique,Modélisation & Matériaux,Physique théorique,Réseaux Télécoms,La ville de demain : initiation à une démarche responsable et durable,Industrie 4.0,Electronique,Césure académique - Electronique,Génie industriel,Entrepreneur,Electronique
78,Génie Civil,Modélisation & Aide à la décision,Gestion des risques (politique, économique, socioculturel, psychosociale,technologique…),Durabilité environnementale et justice sociale,Stratégie d'entreprise,Analyse des politiques publiques en développement I,Génie Civil,Césure académique - Génie Civil,Energie et développement durable,Recherche,Génie Civil
79,Chimie,Modélisation & Industrie,Traitement d'images et multimédias,La ville de demain : initiation à une démarche responsable et durable,Enjeux Socioéconomiques en Afrique,Ingénierie des systèmes complexes (ISC),Chimie,Césure professionnelle - Chimie,Sciences de données et digitalisation,Conception et Innovation,Chimie
80,Physique,Modélisation & Energie,Applications de la physique statistique aux SHS,Nouvelles technologies pour la mobilité terrestre,Enjeux Socioéconomiques en Afrique,Développement en Afrique (DEA),Physique,Césure académique - Physique,Sciences de données et digitalisation,Manager,Informatique
81,Informatique,Modélisation & Energie,Introduction au Machine Learning,Logiciels de commerce (CATIA et ABAQUS),Marketing,Ingénierie des systèmes complexes (ISC),Informatique,Césure académique - Informatique,Sciences de données et digitalisation,Manager,Informatique
82,Electronique,Modélisation & Matériaux,Physique théorique,Réseaux Télécoms,La ville de demain : initiation à une démarche responsable et durable,Industrie 4.0,Electronique,Césure académique - Electronique,Génie industriel,Entrepreneur,Electronique
83,Génie Civil,Modélisation & Aide à la décision,Gestion des risques (politique, économique, socioculturel, psychosociale,technologique…),Durabilité environnementale et justice sociale,Stratégie d'entreprise,Analyse des politiques publiques en développement I,Génie Civil,Césure académique - Génie Civil,Energie et développement durable,Recherche,Génie Civil
84,Informatique,Modélisation & Energie,Introduction au Machine Learning,Logiciels de commerce (CATIA et ABAQUS),Marketing,Ingénierie des systèmes complexes (ISC),Informatique,Césure académique - Informatique,Sciences de données et digitalisation,Manager,Informatique
85,Electronique,Modélisation & Matériaux,Physique théorique,Réseaux Télécoms,La ville de demain : initiation à une démarche responsable et durable,Industrie 4.0,Electronique,Césure académique - Electronique,Génie industriel,Entrepreneur,Electronique
86,Génie Civil,Modélisation & Aide à la décision,Gestion des risques (politique, économique, socioculturel, psychosociale,technologique…),Durabilité environnementale et justice sociale,Stratégie d'entreprise,Analyse des politiques publiques en développement I,Génie Civil,Césure académique - Génie Civil,Energie et développement durable,Recherche,Génie Civil
87,Chimie,Modélisation & Industrie,Traitement d'images et multimédias,La ville de demain : initiation à une démarche responsable et durable,Enjeux Socioéconomiques en Afrique,Ingénierie des systèmes complexes (ISC),Chimie,Césure professionnelle - Chimie,Sciences de données et digitalisation,Conception et Innovation,Chimie
88,Physique,Modélisation & Energie,Applications de la physique statistique aux SHS,Nouvelles technologies pour la mobilité terrestre,Enjeux Socioéconomiques en Afrique,Développement en Afrique (DEA),Physique,Césure académique - Physique,Sciences de données et digitalisation,Manager,Informatique
89,Informatique,Modélisation & Energie,Introduction au Machine Learning,Logiciels de commerce (CATIA et ABAQUS),Marketing,Ingénierie des systèmes complexes (ISC),Informatique,Césure académique - Informatique,Sciences de données et digitalisation,Manager,Informatique
90,Electronique,Modélisation & Matériaux,Physique théorique,Réseaux Télécoms,La ville de demain : initiation à une démarche responsable et durable,Industrie 4.0,Electronique,Césure académique - Electronique,Génie industriel,Entrepreneur,Electronique
91,Génie Civil,Modélisation & Aide à la décision,Gestion des risques (politique, économique, socioculturel, psychosociale,technologique…),Durabilité environnementale et justice sociale,Stratégie d'entreprise,Analyse des politiques publiques en développement I,Génie Civil,Césure académique - Génie Civil,Energie et développement durable,Recherche,Génie Civil
92,Chimie,Modélisation & Industrie,Traitement d'images et multimédias,La ville de demain : initiation à une démarche responsable et durable,Enjeux Socioéconomiques en Afrique,Ingénierie des systèmes complexes (ISC),Chimie,Césure professionnelle - Chimie,Sciences de données et digitalisation,Conception et Innovation,Chimie
93,Physique,Modélisation & Energie,Applications de la physique statistique aux SHS,Nouvelles technologies pour la mobilité terrestre,Enjeux Socioéconomiques en Afrique,Développement en Afrique (DEA),Physique,Césure académique - Physique,Sciences de données et digitalisation,Manager,Informatique
94,Informatique,Modélisation & Energie,Introduction au Machine Learning,Logiciels de commerce (CATIA et ABAQUS),Marketing,Ingénierie des systèmes complexes (ISC),Informatique,Césure académique - Informatique,Sciences de données et digitalisation,Manager,Informatique
95,Electronique,Modélisation & Matériaux,Physique théorique,Réseaux Télécoms,La ville de demain : initiation à une démarche responsable et durable,Industrie 4.0,Electronique,Césure académique - Electronique,Génie industriel,Entrepreneur,Electronique
96,Génie Civil,Modélisation & Aide à la décision,Gestion des risques (politique, économique, socioculturel, psychosociale,technologique…),Durabilité environnementale et justice sociale,Stratégie d'entreprise,Analyse des politiques publiques en développement I,Génie Civil,Césure académique - Génie Civil,Energie et développement durable,Recherche,Génie Civil
97,Chimie,Modélisation & Industrie,Traitement d'images et multimédias,La ville de demain : initiation à une démarche responsable et durable,Enjeux Socioéconomiques en Afrique,Ingénierie des systèmes complexes (ISC),Chimie,Césure professionnelle - Chimie,Sciences de données et digitalisation,Conception et Innovation,Chimie
98,Physique,Modélisation & Energie,Applications de la physique statistique aux SHS,Nouvelles technologies pour la mobilité terrestre,Enjeux Socioéconomiques en Afrique,Développement en Afrique (DEA),Physique,Césure académique - Physique,Sciences de données et digitalisation,Manager,Informatique
99,Informatique,Modélisation & Energie,Introduction au Machine Learning,Logiciels de commerce (CATIA et ABAQUS),Marketing,Ingénierie des systèmes complexes (ISC),Informatique,Césure académique - Informatique,Sciences de données et digitalisation,Manager,Informatique
100,Electronique,Modélisation & Matériaux,Physique théorique,Réseaux Télécoms,La ville de demain : initiation à une démarche responsable et durable,Industrie 4.0,Electronique,Césure académique - Electronique,Génie industriel,Entrepreneur,Electronique
101,Informatique,Modélisation & Energie,Introduction au Machine Learning,Logiciels de commerce (CATIA et ABAQUS),Marketing,Ingénierie des systèmes complexes (ISC),Informatique,Césure académique - Informatique,Sciences de données et digitalisation,Manager,Informatique
102,Electronique,Modélisation & Matériaux,Physique théorique,Réseaux Télécoms,La ville de demain : initiation à une démarche responsable et durable,Industrie 4.0,Electronique,Césure académique - Electronique,Génie industriel,Entrepreneur,Electronique
103,Génie Civil,Modélisation & Aide à la décision,Gestion des risques (politique, économique, socioculturel, psychosociale,technologique…),Durabilité environnementale et justice sociale,Stratégie d'entreprise,Analyse des politiques publiques en développement I,Génie Civil,Césure académique - Génie Civil,Energie et développement durable,Recherche,Génie Civil
104,Chimie,Modélisation & Industrie,Traitement d'images et multimédias,La ville de demain : initiation à une démarche responsable et durable,Enjeux Socioéconomiques en Afrique,Ingénierie des systèmes complexes (ISC),Chimie,Césure professionnelle - Chimie,Sciences de données et digitalisation,Conception et Innovation,Chimie
105,Physique,Modélisation & Energie,Applications de la physique statistique aux SHS,Nouvelles technologies pour la mobilité terrestre,Enjeux Socioéconomiques en Afrique,Développement en Afrique (DEA),Physique,Césure académique - Physique,Sciences de données et digitalisation,Manager,Informatique
106,Informatique,Modélisation & Energie,Introduction au Machine Learning,Logiciels de commerce (CATIA et ABAQUS),Marketing,Ingénierie des systèmes complexes (ISC),Informatique,Césure académique - Informatique,Sciences de données et digitalisation,Manager,Informatique
107,Electronique,Modélisation & Matériaux,Physique théorique,Réseaux Télécoms,La ville de demain : initiation à une démarche responsable et durable,Industrie 4.0,Electronique,Césure académique - Electronique,Génie industriel,Entrepreneur,Electronique
108,Génie Civil,Modélisation & Aide à la décision,Gestion des risques (politique, économique, socioculturel, psychosociale,technologique…),Durabilité environnementale et justice sociale,Stratégie d'entreprise,Analyse des politiques publiques en développement I,Génie Civil,Césure académique - Génie Civil,Energie et développement durable,Recherche,Génie Civil
109,Chimie,Modélisation & Industrie,Traitement d'images et multimédias,La ville de demain : initiation à une démarche responsable et durable,Enjeux Socioéconomiques en Afrique,Ingénierie des systèmes complexes (ISC),Chimie,Césure professionnelle - Chimie,Sciences de données et digitalisation,Conception et Innovation,Chimie
110,Physique,Modélisation & Energie,Applications de la physique statistique aux SHS,Nouvelles technologies pour la mobilité terrestre,Enjeux Socioéconomiques en Afrique,Développement en Afrique (DEA),Physique,Césure académique - Physique,Sciences de données et digitalisation,Manager,Informatique
111,Informatique,Modélisation & Energie,Introduction au Machine Learning,Logiciels de commerce (CATIA et ABAQUS),Marketing,Ingénierie des systèmes complexes (ISC),Informatique,Césure académique - Informatique,Sciences de données et digitalisation,Manager,Informatique
112,Electronique,Modélisation & Matériaux,Physique théorique,Réseaux Télécoms,La ville de demain : initiation à une démarche responsable et durable,Industrie 4.0,Electronique,Césure académique - Electronique,Génie industriel,Entrepreneur,Electronique
113,Génie Civil,Modélisation & Aide à la décision,Gestion des risques (politique, économique, socioculturel, psychosociale,technologique…),Durabilité environnementale et justice sociale,Stratégie d'entreprise,Analyse des politiques publiques en développement I,Génie Civil,Césure académique - Génie Civil,Energie et développement durable,Recherche,Génie Civil
114,Chimie,Modélisation & Industrie,Traitement d'images et multimédias,La ville de demain : initiation à une démarche responsable et durable,Enjeux Socioéconomiques en Afrique,Ingénierie des systèmes complexes (ISC),Chimie,Césure professionnelle - Chimie,Sciences de données et digitalisation,Conception et Innovation,Chimie
115,Physique,Modélisation & Energie,Applications de la physique statistique aux SHS,Nouvelles technologies pour la mobilité terrestre,Enjeux Socioéconomiques en Afrique,Développement en Afrique (DEA),Physique,Césure académique - Physique,Sciences de données et digitalisation,Manager,Informatique
116,Informatique,Modélisation & Energie,Introduction au Machine Learning,Logiciels de commerce (CATIA et ABAQUS),Marketing,Ingénierie des systèmes complexes (ISC),Informatique,Césure académique - Informatique,Sciences de données et digitalisation,Manager,Informatique
117,Electronique,Modélisation & Matériaux,Physique théorique,Réseaux Télécoms,La ville de demain : initiation à une démarche responsable et durable,Industrie 4.0,Electronique,Césure académique - Electronique,Génie industriel,Entrepreneur,Electronique
118,Génie Civil,Modélisation & Aide à la décision,Gestion des risques (politique, économique, socioculturel, psychosociale,technologique…),Durabilité environnementale et justice sociale,Stratégie d'entreprise,Analyse des politiques publiques en développement I,Génie Civil,Césure académique - Génie Civil,Energie et développement durable,Recherche,Génie Civil
119,Chimie,Modélisation & Industrie,Traitement d'images et multimédias,La ville de demain : initiation à une démarche responsable et durable,Enjeux Socioéconomiques en Afrique,Ingénierie des systèmes complexes (ISC),Chimie,Césure professionnelle - Chimie,Sciences de données et digitalisation,Conception et Innovation,Chimie
120,Physique,Modélisation & Energie,Applications de la physique statistique aux SHS,Nouvelles technologies pour la mobilité terrestre,Enjeux Socioéconomiques en Afrique,Développement en Afrique (DEA),Physique,Césure académique - Physique,Sciences de données et digitalisation,Manager,Informatique
121,Informatique,Modélisation & Energie,Introduction au Machine Learning,Logiciels de commerce (CATIA et ABAQUS),Marketing,Ingénierie des systèmes complexes (ISC),Informatique,Césure académique - Informatique,Sciences de données et digitalisation,Manager,Informatique
122,Electronique,Modélisation & Matériaux,Physique théorique,Réseaux Télécoms,La ville de demain : initiation à une démarche responsable et durable,Industrie 4.0,Electronique,Césure académique - Electronique,Génie industriel,Entrepreneur,Electronique
123,Génie Civil,Modélisation & Aide à la décision,Gestion des risques (politique, économique, socioculturel, psychosociale,technologique…),Durabilité environnementale et justice sociale,Stratégie d'entreprise,Analyse des politiques publiques en développement I,Génie Civil,Césure académique - Génie Civil,Energie et développement durable,Recherche,Génie Civil
124,Chimie,Modélisation & Industrie,Traitement d'images et multimédias,La ville de demain : initiation à une démarche responsable et durable,Enjeux Socioéconomiques en Afrique,Ingénierie des systèmes complexes (ISC),Chimie,Césure professionnelle - Chimie,Sciences de données et digitalisation,Conception et Innovation,Chimie
125,Physique,Modélisation & Energie,Applications de la physique statistique aux SHS,Nouvelles technologies pour la mobilité terrestre,Enjeux Socioéconomiques en Afrique,Développement en Afrique (DEA),Physique,Césure académique - Physique,Sciences de données et digitalisation,Manager,Informatique
126,Informatique,Modélisation & Energie,Introduction au Machine Learning,Logiciels de commerce (CATIA et ABAQUS),Marketing,Ingénierie des systèmes complexes (ISC),Informatique,Césure académique - Informatique,Sciences de données et digitalisation,Manager,Informatique
127,Electronique,Modélisation & Matériaux,Physique théorique,Réseaux Télécoms,La ville de demain : initiation à une démarche responsable et durable,Industrie 4.0,Electronique,Césure académique - Electronique,Génie industriel,Entrepreneur,Electronique
128,Génie Civil,Modélisation & Aide à la décision,Gestion des risques (politique, économique, socioculturel, psychosociale,technologique…),Durabilité environnementale et justice sociale,Stratégie d'entreprise,Analyse des politiques publiques en développement I,Génie Civil,Césure académique - Génie Civil,Energie et développement durable,Recherche,Génie Civil
129,Chimie,Modélisation & Industrie,Traitement d'images et multimédias,La ville de demain : initiation à une démarche responsable et durable,Enjeux Socioéconomiques en Afrique,Ingénierie des systèmes complexes (ISC),Chimie,Césure professionnelle - Chimie,Sciences de données et digitalisation,Conception et Innovation,Chimie
130,Physique,Modélisation & Energie,Applications de la physique statistique aux SHS,Nouvelles technologies pour la mobilité terrestre,Enjeux Socioéconomiques en Afrique,Développement en Afrique (DEA),Physique,Césure académique - Physique,Sciences de données et digitalisation,Manager,Informatique
131,Informatique,Modélisation & Energie,Introduction au Machine Learning,Logiciels de commerce (CATIA et ABAQUS),Marketing,Ingénierie des systèmes complexes (ISC),Informatique,Césure académique - Informatique,Sciences de données et digitalisation,Manager,Informatique
132,Electronique,Modélisation & Matériaux,Physique théorique,Réseaux Télécoms,La ville de demain : initiation à une démarche responsable et durable,Industrie 4.0,Electronique,Césure académique - Electronique,Génie industriel,Entrepreneur,Electronique
133,Génie Civil,Modélisation & Aide à la décision,Gestion des risques (politique, économique, socioculturel, psychosociale,technologique…),Durabilité environnementale et justice sociale,Stratégie d'entreprise,Analyse des politiques publiques en développement I,Génie Civil,Césure académique - Génie Civil,Energie et développement durable,Recherche,Génie Civil
134,Chimie,Modélisation & Industrie,Traitement d'images et multimédias,La ville de demain : initiation à une démarche responsable et durable,Enjeux Socioéconomiques en Afrique,Ingénierie des systèmes complexes (ISC),Chimie,Césure professionnelle - Chimie,Sciences de données et digitalisation,Conception et Innovation,Chimie
135,Physique,Modélisation & Energie,Applications de la physique statistique aux SHS,Nouvelles technologies pour la mobilité terrestre,Enjeux Socioéconomiques en Afrique,Développement en Afrique (DEA),Physique,Césure académique - Physique,Sciences de données et digitalisation,Manager,Informatique
136,Informatique,Modélisation & Energie,Introduction au Machine Learning,Logiciels de commerce (CATIA et ABAQUS),Marketing,Ingénierie des systèmes complexes (ISC),Informatique,Césure académique - Informatique,Sciences de données et digitalisation,Manager,Informatique
137,Electronique,Modélisation & Matériaux,Physique théorique,Réseaux Télécoms,La ville de demain : initiation à une démarche responsable et durable,Industrie 4.0,Electronique,Césure académique - Electronique,Génie industriel,Entrepreneur,Electronique
138,Génie Civil,Modélisation & Aide à la décision,Gestion des risques (politique, économique, socioculturel, psychosociale,technologique…),Durabilité environnementale et justice sociale,Stratégie d'entreprise,Analyse des politiques publiques en développement I,Génie Civil,Césure académique - Génie Civil,Energie et développement durable,Recherche,Génie Civil
139,Chimie,Modélisation & Industrie,Traitement d'images et multimédias,La ville de demain : initiation à une démarche responsable et durable,Enjeux Socioéconomiques en Afrique,Ingénierie des systèmes complexes (ISC),Chimie,Césure professionnelle - Chimie,Sciences de données et digitalisation,Conception et Innovation,Chimie
140,Physique,Modélisation & Energie,Applications de la physique statistique aux SHS,Nouvelles technologies pour la mobilité terrestre,Enjeux Socioéconomiques en Afrique,Développement en Afrique (DEA),Physique,Césure académique - Physique,Sciences de données et digitalisation,Manager,Informatique
141,Informatique,Modélisation & Energie,Introduction au Machine Learning,Logiciels de commerce (CATIA et ABAQUS),Marketing,Ingénierie des systèmes complexes (ISC),Informatique,Césure académique - Informatique,Sciences de données et digitalisation,Manager,Informatique
142,Electronique,Modélisation & Matériaux,Physique théorique,Réseaux Télécoms,La ville de demain : initiation à une démarche responsable et durable,Industrie 4.0,Electronique,Césure académique - Electronique,Génie industriel,Entrepreneur,Electronique
143,Génie Civil,Modélisation & Aide à la décision,Gestion des risques (politique, économique, socioculturel, psychosociale,technologique…),Durabilité environnementale et justice sociale,Stratégie d'entreprise,Analyse des politiques publiques en développement I,Génie Civil,Césure académique - Génie Civil,Energie et développement durable,Recherche,Génie Civil
144,Chimie,Modélisation & Industrie,Traitement d'images et multimédias,La ville de demain : initiation à une démarche responsable et durable,Enjeux Socioéconomiques en Afrique,Ingénierie des systèmes complexes (ISC),Chimie,Césure professionnelle - Chimie,Sciences de données et digitalisation,Conception et Innovation,Chimie
145,Physique,Modélisation & Energie,Applications de la physique statistique aux SHS,Nouvelles technologies pour la mobilité terrestre,Enjeux Socioéconomiques en Afrique,Développement en Afrique (DEA),Physique,Césure académique - Physique,Sciences de données et digitalisation,Manager,Informatique
146,Informatique,Modélisation & Energie,Introduction au Machine Learning,Logiciels de commerce (CATIA et ABAQUS),Marketing,Ingénierie des systèmes complexes (ISC),Informatique,Césure académique - Informatique,Sciences de données et digitalisation,Manager,Informatique
147,Electronique,Modélisation & Matériaux,Physique théorique,Réseaux Télécoms,La ville de demain : initiation à une démarche responsable et durable,Industrie 4.0,Electronique,Césure académique - Electronique,Génie industriel,Entrepreneur,Electronique
148,Génie Civil,Modélisation & Aide à la décision,Gestion des risques (politique, économique, socioculturel, psychosociale,technologique…),Durabilité environnementale et justice sociale,Stratégie d'entreprise,Analyse des politiques publiques en développement I,Génie Civil,Césure académique - Génie Civil,Energie et développement durable,Recherche,Génie Civil
149,Chimie,Modélisation & Industrie,Traitement d'images et multimédias,La ville de demain : initiation à une démarche responsable et durable,Enjeux Socioéconomiques en Afrique,Ingénierie des systèmes complexes (ISC),Chimie,Césure professionnelle - Chimie,Sciences de données et digitalisation,Conception et Innovation,Chimie
150,Physique,Modélisation & Energie,Applications de la physique statistique aux SHS,Nouvelles technologies pour la mobilité terrestre,Enjeux Socioéconomiques en Afrique,Développement en Afrique (DEA),Physique,Césure académique - Physique,Sciences de données et digitalisation,Manager,Informatique
151,Informatique,Modélisation & Energie,Introduction au Machine Learning,Logiciels de commerce (CATIA et ABAQUS),Marketing,Ingénierie des systèmes complexes (ISC),Informatique,Césure académique - Informatique,Sciences de données et digitalisation,Manager,Informatique
152,Electronique,Modélisation & Matériaux,Physique théorique,Réseaux Télécoms,La ville de demain : initiation à une démarche responsable et durable,Industrie 4.0,Electronique,Césure académique - Electronique,Génie industriel,Entrepreneur,Electronique
153,Génie Civil,Modélisation & Aide à la décision,Gestion des risques (politique, économique, socioculturel, psychosociale,technologique…),Durabilité environnementale et justice sociale,Stratégie d'entreprise,Analyse des politiques publiques en développement I,Génie Civil,Césure académique - Génie Civil,Energie et développement durable,Recherche,Génie Civil
154,Chimie,Modélisation & Industrie,Traitement d'images et multimédias,La ville de demain : initiation à une démarche responsable et durable,Enjeux Socioéconomiques en Afrique,Ingénierie des systèmes complexes (ISC),Chimie,Césure professionnelle - Chimie,Sciences de données et digitalisation,Conception et Innovation,Chimie
155,Physique,Modélisation & Energie,Applications de la physique statistique aux SHS,Nouvelles technologies pour la mobilité terrestre,Enjeux Socioéconomiques en Afrique,Développement en Afrique (DEA),Physique,Césure académique - Physique,Sciences de données et digitalisation,Manager,Informatique
156,Informatique,Modélisation & Energie,Introduction au Machine Learning,Logiciels de commerce (CATIA et ABAQUS),Marketing,Ingénierie des systèmes complexes (ISC),Informatique,Césure académique - Informatique,Sciences de données et digitalisation,Manager,Informatique
157,Electronique,Modélisation & Matériaux,Physique théorique,Réseaux Télécoms,La ville de demain : initiation à une démarche responsable et durable,Industrie 4.0,Electronique,Césure académique - Electronique,Génie industriel,Entrepreneur,Electronique
158,Génie Civil,Modélisation & Aide à la décision,Gestion des risques (politique, économique, socioculturel, psychosociale,technologique…),Durabilité environnementale et justice sociale,Stratégie d'entreprise,Analyse des politiques publiques en développement I,Génie Civil,Césure académique - Génie Civil,Energie et développement durable,Recherche,Génie Civil
159,Chimie,Modélisation & Industrie,Traitement d'images et multimédias,La ville de demain : initiation à une démarche responsable et durable,Enjeux Socioéconomiques en Afrique,Ingénierie des systèmes complexes (ISC),Chimie,Césure professionnelle - Chimie,Sciences de données et digitalisation,Conception et Innovation,Chimie
160,Physique,Modélisation & Energie,Applications de la physique statistique aux SHS,Nouvelles technologies pour la mobilité terrestre,Enjeux Socioéconomiques en Afrique,Développement en Afrique (DEA),Physique,Césure académique - Physique,Sciences de données et digitalisation,Manager,Informatique
161,Informatique,Modélisation & Energie,Introduction au Machine Learning,Logiciels de commerce (CATIA et ABAQUS),Marketing,Ingénierie des systèmes complexes (ISC),Informatique,Césure académique - Informatique,Sciences de données et digitalisation,Manager,Informatique
162,Electronique,Modélisation & Matériaux,Physique théorique,Réseaux Télécoms,La ville de demain : initiation à une démarche responsable et durable,Industrie 4.0,Electronique,Césure académique - Electronique,Génie industriel,Entrepreneur,Electronique
163,Génie Civil,Modélisation & Aide à la décision,Gestion des risques (politique, économique, socioculturel, psychosociale,technologique…),Durabilité environnementale et justice sociale,Stratégie d'entreprise,Analyse des politiques publiques en développement I,Génie Civil,Césure académique - Génie Civil,Energie et développement durable,Recherche,Génie Civil
164,Chimie,Modélisation & Industrie,Traitement d'images et multimédias,La ville de demain : initiation à une démarche responsable et durable,Enjeux Socioéconomiques en Afrique,Ingénierie des systèmes complexes (ISC),Chimie,Césure professionnelle - Chimie,Sciences de données et digitalisation,Conception et Innovation,Chimie
165,Physique,Modélisation & Energie,Applications de la physique statistique aux SHS,Nouvelles technologies pour la mobilité terrestre,Enjeux Socioéconomiques en Afrique,Développement en Afrique (DEA),Physique,Césure académique - Physique,Sciences de données et digitalisation,Manager,Informatique
166,Informatique,Modélisation & Energie,Introduction au Machine Learning,Logiciels de commerce (CATIA et ABAQUS),Marketing,Ingénierie des systèmes complexes (ISC),Informatique,Césure académique - Informatique,Sciences de données et digitalisation,Manager,Informatique
167,Electronique,Modélisation & Matériaux,Physique théorique,Réseaux Télécoms,La ville de demain : initiation à une démarche responsable et durable,Industrie 4.0,Electronique,Césure académique - Electronique,Génie industriel,Entrepreneur,Electronique
168,Génie Civil,Modélisation & Aide à la décision,Gestion des risques (politique, économique, socioculturel, psychosociale,technologique…),Durabilité environnementale et justice sociale,Stratégie d'entreprise,Analyse des politiques publiques en développement I,Génie Civil,Césure académique - Génie Civil,Energie et développement durable,Recherche,Génie Civil
169,Chimie,Modélisation & Industrie,Traitement d'images et multimédias,La ville de demain : initiation à une démarche responsable et durable,Enjeux Socioéconomiques en Afrique,Ingénierie des systèmes complexes (ISC),Chimie,Césure professionnelle - Chimie,Sciences de données et digitalisation,Conception et Innovation,Chimie
170,Physique,Modélisation & Energie,Applications de la physique statistique aux SHS,Nouvelles technologies pour la mobilité terrestre,Enjeux Socioéconomiques en Afrique,Développement en Afrique (DEA),Physique,Césure académique - Physique,Sciences de données et digitalisation,Manager,Informatique
171,Informatique,Modélisation & Energie,Introduction au Machine Learning,Logiciels de commerce (CATIA et ABAQUS),Marketing,Ingénierie des systèmes complexes (ISC),Informatique,Césure académique - Informatique,Sciences de données et digitalisation,Manager,Informatique
172,Electronique,Modélisation & Matériaux,Physique théorique,Réseaux Télécoms,La ville de demain : initiation à une démarche responsable et durable,Industrie 4.0,Electronique,Césure académique - Electronique,Génie industriel,Entrepreneur,Electronique
173,Génie Civil,Modélisation & Aide à la décision,Gestion des risques (politique, économique, socioculturel, psychosociale,technologique…),Durabilité environnementale et justice sociale,Stratégie d'entreprise,Analyse des politiques publiques en développement I,Génie Civil,Césure académique - Génie Civil,Energie et développement durable,Recherche,Génie Civil
174,Chimie,Modélisation & Industrie,Traitement d'images et multimédias,La ville de demain : initiation à une démarche responsable et durable,Enjeux Socioéconomiques en Afrique,Ingénierie des systèmes complexes (ISC),Chimie,Césure professionnelle - Chimie,Sciences de données et digitalisation,Conception et Innovation,Chimie
175,Physique,Modélisation & Energie,Applications de la physique statistique aux SHS,Nouvelles technologies pour la mobilité terrestre,Enjeux Socioéconomiques en Afrique,Développement en Afrique (DEA),Physique,Césure académique - Physique,Sciences de données et digitalisation,Manager,Informatique
176,Informatique,Modélisation & Energie,Introduction au Machine Learning,Logiciels de commerce (CATIA et ABAQUS),Marketing,Ingénierie des systèmes complexes (ISC),Informatique,Césure académique - Informatique,Sciences de données et digitalisation,Manager,Informatique
177,Electronique,Modélisation & Matériaux,Physique théorique,Réseaux Télécoms,La ville de demain : initiation à une démarche responsable et durable,Industrie 4.0,Electronique,Césure académique - Electronique,Génie industriel,Entrepreneur,Electronique
178,Génie Civil,Modélisation & Aide à la décision,Gestion des risques (politique, économique, socioculturel, psychosociale,technologique…),Durabilité environnementale et justice sociale,Stratégie d'entreprise,Analyse des politiques publiques en développement I,Génie Civil,Césure académique - Génie Civil,Energie et développement durable,Recherche,Génie Civil
179,Chimie,Modélisation & Industrie,Traitement d'images et multimédias,La ville de demain : initiation à une démarche responsable et durable,Enjeux Socioéconomiques en Afrique,Ingénierie des systèmes complexes (ISC),Chimie,Césure professionnelle - Chimie,Sciences de données et digitalisation,Conception et Innovation,Chimie
180,Physique,Modélisation & Energie,Applications de la physique statistique aux SHS,Nouvelles technologies pour la mobilité terrestre,Enjeux Socioéconomiques en Afrique,Développement en Afrique (DEA),Physique,Césure académique - Physique,Sciences de données et digitalisation,Manager,Informatique
181,Informatique,Modélisation & Energie,Introduction au Machine Learning,Logiciels de commerce (CATIA et ABAQUS),Marketing,Ingénierie des systèmes complexes (ISC),Informatique,Césure académique - Informatique,Sciences de données et digitalisation,Manager,Informatique
182,Electronique,Modélisation & Matériaux,Physique théorique,Réseaux Télécoms,La ville de demain : initiation à une démarche responsable et durable,Industrie 4.0,Electronique,Césure académique - Electronique,Génie industriel,Entrepreneur,Electronique
183,Génie Civil,Modélisation & Aide à la décision,Gestion des risques (politique, économique, socioculturel, psychosociale,technologique…),Durabilité environnementale et justice sociale,Stratégie d'entreprise,Analyse des politiques publiques en développement I,Génie Civil,Césure académique - Génie Civil,Energie et développement durable,Recherche,Génie Civil
184,Chimie,Modélisation & Industrie,Traitement d'images et multimédias,La ville de demain : initiation à une démarche responsable et durable,Enjeux Socioéconomiques en Afrique,Ingénierie des systèmes complexes (ISC),Chimie,Césure professionnelle - Chimie,Sciences de données et digitalisation,Conception et Innovation,Chimie
185,Physique,Modélisation & Energie,Applications de la physique statistique aux SHS,Nouvelles technologies pour la mobilité terrestre,Enjeux Socioéconomiques en Afrique,Développement en Afrique (DEA),Physique,Césure académique - Physique,Sciences de données et digitalisation,Manager,Informatique
186,Informatique,Modélisation & Energie,Introduction au Machine Learning,Logiciels de commerce (CATIA et ABAQUS),Marketing,Ingénierie des systèmes complexes (ISC),Informatique,Césure académique - Informatique,Sciences de données et digitalisation,Manager,Informatique
187,Electronique,Modélisation & Matériaux,Physique théorique,Réseaux Télécoms,La ville de demain : initiation à une démarche responsable et durable,Industrie 4.0,Electronique,Césure académique - Electronique,Génie industriel,Entrepreneur,Electronique
188,Génie Civil,Modélisation & Aide à la décision,Gestion des risques (politique, économique, socioculturel, psychosociale,technologique…),Durabilité environnementale et justice sociale,Stratégie d'entreprise,Analyse des politiques publiques en développement I,Génie Civil,Césure académique - Génie Civil,Energie et développement durable,Recherche,Génie Civil
189,Chimie,Modélisation & Industrie,Traitement d'images et multimédias,La ville de demain : initiation à une démarche responsable et durable,Enjeux Socioéconomiques en Afrique,Ingénierie des systèmes complexes (ISC),Chimie,Césure professionnelle - Chimie,Sciences de données et digitalisation,Conception et Innovation,Chimie
190,Physique,Modélisation & Energie,Applications de la physique statistique aux SHS,Nouvelles technologies pour la mobilité terrestre,Enjeux Socioéconomiques en Afrique,Développement en Afrique (DEA),Physique,Césure académique - Physique,Sciences de données et digitalisation,Manager,Informatique
191,Informatique,Modélisation & Energie,Introduction au Machine Learning,Logiciels de commerce (CATIA et ABAQUS),Marketing,Ingénierie des systèmes complexes (ISC),Informatique,Césure académique - Informatique,Sciences de données et digitalisation,Manager,Informatique
192,Electronique,Modélisation & Matériaux,Physique théorique,Réseaux Télécoms,La ville de demain : initiation à une démarche responsable et durable,Industrie 4.0,Electronique,Césure académique - Electronique,Génie industriel,Entrepreneur,Electronique
193,Génie Civil,Modélisation & Aide à la décision,Gestion des risques (politique, économique, socioculturel, psychosociale,technologique…),Durabilité environnementale et justice sociale,Stratégie d'entreprise,Analyse des politiques publiques en développement I,Génie Civil,Césure académique - Génie Civil,Energie et développement durable,Recherche,Génie Civil
194,Chimie,Modélisation & Industrie,Traitement d'images et multimédias,La ville de demain : initiation à une démarche responsable et durable,Enjeux Socioéconomiques en Afrique,Ingénierie des systèmes complexes (ISC),Chimie,Césure professionnelle - Chimie,Sciences de données et digitalisation,Conception et Innovation,Chimie
195,Physique,Modélisation & Energie,Applications de la physique statistique aux SHS,Nouvelles technologies pour la mobilité terrestre,Enjeux Socioéconomiques en Afrique,Développement en Afrique (DEA),Physique,Césure académique - Physique,Sciences de données et digitalisation,Manager,Informatique
196,Informatique,Modélisation & Energie,Introduction au Machine Learning,Logiciels de commerce (CATIA et ABAQUS),Marketing,Ingénierie des systèmes complexes (ISC),Informatique,Césure académique - Informatique,Sciences de données et digitalisation,Manager,Informatique
197,Electronique,Modélisation & Matériaux,Physique théorique,Réseaux Télécoms,La ville de demain : initiation à une démarche responsable et durable,Industrie 4.0,Electronique,Césure académique - Electronique,Génie industriel,Entrepreneur,Electronique
198,Génie Civil,Modélisation & Aide à la décision,Gestion des risques (politique, économique, socioculturel, psychosociale,technologique…),Durabilité environnementale et justice sociale,Stratégie d'entreprise,Analyse des politiques publiques en développement I,Génie Civil,Césure académique - Génie Civil,Energie et développement durable,Recherche,Génie Civil
199,Chimie,Modélisation & Industrie,Traitement d'images et multimédias,La ville de demain : initiation à une démarche responsable et durable,Enjeux Socioéconomiques en Afrique,Ingénierie des systèmes complexes (ISC),Chimie,Césure professionnelle - Chimie,Sciences de données et digitalisation,Conception et Innovation,Chimie
200,Physique,Modélisation & Energie,Applications de la physique statistique aux SHS,Nouvelles technologies pour la mobilité terrestre,Enjeux Socioéconomiques en Afrique,Développement en Afrique (DEA),Physique,Césure académique - Physique,Sciences de données et digitalisation,Manager,Informatique
201,Informatique,Modélisation & Energie,Introduction au Machine Learning,Logiciels de commerce (CATIA et ABAQUS),Marketing,Ingénierie des systèmes complexes (ISC),Informatique,Césure académique - Informatique,Sciences de données et digitalisation,Manager,Informatique
202,Electronique,Modélisation & Matériaux,Physique théorique,Réseaux Télécoms,La ville de demain : initiation à une démarche responsable et durable,Industrie 4.0,Electronique,Césure académique - Electronique,Génie industriel,Entrepreneur,Electronique
203,Génie Civil,Modélisation & Aide à la décision,Gestion des risques (politique, économique, socioculturel, psychosociale,technologique…),Durabilité environnementale et justice sociale,Stratégie d'entreprise,Analyse des politiques publiques en développement I,Génie Civil,Césure académique - Génie Civil,Energie et développement durable,Recherche,Génie Civil
204,Chimie,Modélisation & Industrie,Traitement d'images et multimédias,La ville de demain : initiation à une démarche responsable et durable,Enjeux Socioéconomiques en Afrique,Ingénierie des systèmes complexes (ISC),Chimie,Césure professionnelle - Chimie,Sciences de données et digitalisation,Conception et Innovation,Chimie
205,Physique,Modélisation & Energie,Applications de la physique statistique aux SHS,Nouvelles technologies pour la mobilité terrestre,Enjeux Socioéconomiques en Afrique,Développement en Afrique (DEA),Physique,Césure académique - Physique,Sciences de données et digitalisation,Manager,Informatique
206,Informatique,Modélisation & Energie,Introduction au Machine Learning,Logiciels de commerce (CATIA et ABAQUS),Marketing,Ingénierie des systèmes complexes (ISC),Informatique,Césure académique - Informatique,Sciences de données et digitalisation,Manager,Informatique
207,Electronique,Modélisation & Matériaux,Physique théorique,Réseaux Télécoms,La ville de demain : initiation à une démarche responsable et durable,Industrie 4.0,Electronique,Césure académique - Electronique,Génie industriel,Entrepreneur,Electronique
208,Génie Civil,Modélisation & Aide à la décision,Gestion des risques (politique, économique, socioculturel, psychosociale,technologique…),Durabilité environnementale et justice sociale,Stratégie d'entreprise,Analyse des politiques publiques en développement I,Génie Civil,Césure académique - Génie Civil,Energie et développement durable,Recherche,Génie Civil
209,Chimie,Modélisation & Industrie,Traitement d'images et multimédias,La ville de demain : initiation à une démarche responsable et durable,Enjeux Socioéconomiques en Afrique,Ingénierie des systèmes complexes (ISC),Chimie,Césure professionnelle - Chimie,Sciences de données et digitalisation,Conception et Innovation,Chimie
210,Physique,Modélisation & Energie,Applications de la physique statistique aux SHS,Nouvelles technologies pour la mobilité terrestre,Enjeux Socioéconomiques en Afrique,Développement en Afrique (DEA),Physique,Césure académique - Physique,Sciences de données et digitalisation,Manager,Informatique
211,Informatique,Modélisation & Energie,Introduction au Machine Learning,Logiciels de commerce (CATIA et ABAQUS),Marketing,Ingénierie des systèmes complexes (ISC),Informatique,Césure académique - Informatique,Sciences de données et digitalisation,Manager,Informatique
212,Electronique,Modélisation & Matériaux,Physique théorique,Réseaux Télécoms,La ville de demain : initiation à une démarche responsable et durable,Industrie 4.0,Electronique,Césure académique - Electronique,Génie industriel,Entrepreneur,Electronique
213,Génie Civil,Modélisation & Aide à la décision,Gestion des risques (politique, économique, socioculturel, psychosociale,technologique…),Durabilité environnementale et justice sociale,Stratégie d'entreprise,Analyse des politiques publiques en développement I,Génie Civil,Césure académique - Génie Civil,Energie et développement durable,Recherche,Génie Civil
214,Chimie,Modélisation & Industrie,Traitement d'images et multimédias,La ville de demain : initiation à une démarche responsable et durable,Enjeux Socioéconomiques en Afrique,Ingénierie des systèmes complexes (ISC),Chimie,Césure professionnelle - Chimie,Sciences de données et digitalisation,Conception et Innovation,Chimie
215,Physique,Modélisation & Energie,Applications de la physique statistique aux SHS,Nouvelles technologies pour la mobilité terrestre,Enjeux Socioéconomiques en Afrique,Développement en Afrique (DEA),Physique,Césure académique - Physique,Sciences de données et digitalisation,Manager,Informatique
216,Informatique,Modélisation & Energie,Introduction au Machine Learning,Logiciels de commerce (CATIA et ABAQUS),Marketing,Ingénierie des systèmes complexes (ISC),Informatique,Césure académique - Informatique,Sciences de données et digitalisation,Manager,Informatique
217,Electronique,Modélisation & Matériaux,Physique théorique,Réseaux Télécoms,La ville de demain : initiation à une démarche responsable et durable,Industrie 4.0,Electronique,Césure académique - Electronique,Génie industriel,Entrepreneur,Electronique
218,Génie Civil,Modélisation & Aide à la décision,Gestion des risques (politique, économique, socioculturel, psychosociale,technologique…),Durabilité environnementale et justice sociale,Stratégie d'entreprise,Analyse des politiques publiques en développement I,Génie Civil,Césure académique - Génie Civil,Energie et développement durable,Recherche,Génie Civil
219,Chimie,Modélisation & Industrie,Traitement d'images et multimédias,La ville de demain : initiation à une démarche responsable et durable,Enjeux Socioéconomiques en Afrique,Ingénierie des systèmes complexes (ISC),Chimie,Césure professionnelle - Chimie,Sciences de données et digitalisation,Conception et Innovation,Chimie
220,Physique,Modélisation & Energie,Applications de la physique statistique aux SHS,Nouvelles technologies pour la mobilité terrestre,Enjeux Socioéconomiques en Afrique,Développement en Afrique (DEA),Physique,Césure académique - Physique,Sciences de données et digitalisation,Manager,Informatique
221,Informatique,Modélisation & Energie,Introduction au Machine Learning,Logiciels de commerce (CATIA et ABAQUS),Marketing,Ingénierie des systèmes complexes (ISC),Informatique,Césure académique - Informatique,Sciences de données et digitalisation,Manager,Informatique
222,Electronique,Modélisation & Matériaux,Physique théorique,Réseaux Télécoms,La ville de demain : initiation à une démarche responsable et durable,Industrie 4.0,Electronique,Césure académique - Electronique,Génie industriel,Entrepreneur,Electronique
223,Génie Civil,Modélisation & Aide à la décision,Gestion des risques (politique, économique, socioculturel, psychosociale,technologique…),Durabilité environnementale et justice sociale,Stratégie d'entreprise,Analyse des politiques publiques en développement I,Génie Civil,Césure académique - Génie Civil,Energie et développement durable,Recherche,Génie Civil
224,Chimie,Modélisation & Industrie,Traitement d'images et multimédias,La ville de demain : initiation à une démarche responsable et durable,Enjeux Socioéconomiques en Afrique,Ingénierie des systèmes complexes (ISC),Chimie,Césure professionnelle - Chimie,Sciences de données et digitalisation,Conception et Innovation,Chimie
225,Physique,Modélisation & Energie,Applications de la physique statistique aux SHS,Nouvelles technologies pour la mobilité terrestre,Enjeux Socioéconomiques en Afrique,Développement en Afrique (DEA),Physique,Césure académique - Physique,Sciences de données et digitalisation,Manager,Informatique
226,Informatique,Modélisation & Energie,Introduction au Machine Learning,Logiciels de commerce (CATIA et ABAQUS),Marketing,Ingénierie des systèmes complexes (ISC),Informatique,Césure académique - Informatique,Sciences de données et digitalisation,Manager,Informatique
227,Electronique,Modélisation & Matériaux,Physique théorique,Réseaux Télécoms,La ville de demain : initiation à une démarche responsable et durable,Industrie 4.0,Electronique,Césure académique - Electronique,Génie industriel,Entrepreneur,Electronique
228,Génie Civil,Modélisation & Aide à la décision,Gestion des risques (politique, économique, socioculturel, psychosociale,technologique…),Durabilité environnementale et justice sociale,Stratégie d'entreprise,Analyse des politiques publiques en développement I,Génie Civil,Césure académique - Génie Civil,Energie et développement durable,Recherche,Génie Civil
229,Chimie,Modélisation & Industrie,Traitement d'images et multimédias,La ville de demain : initiation à une démarche responsable et durable,Enjeux Socioéconomiques en Afrique,Ingénierie des systèmes complexes (ISC),Chimie,Césure professionnelle - Chimie,Sciences de données et digitalisation,Conception et Innovation,Chimie
230,Physique,Modélisation & Energie,Applications de la physique statistique aux SHS,Nouvelles technologies pour la mobilité terrestre,Enjeux Socioéconomiques en Afrique,Développement en Afrique (DEA),Physique,Césure académique - Physique,Sciences de données et digitalisation,Manager,Informatique
231,Informatique,Modélisation & Energie,Introduction au Machine Learning,Logiciels de commerce (CATIA et ABAQUS),Marketing,Ingénierie des systèmes complexes (ISC),Informatique,Césure académique - Informatique,Sciences de données et digitalisation,Manager,Informatique
232,Electronique,Modélisation & Matériaux,Physique théorique,Réseaux Télécoms,La ville de demain : initiation à une démarche responsable et durable,Industrie 4.0,Electronique,Césure académique - Electronique,Génie industriel,Entrepreneur,Electronique
233,Génie Civil,Modélisation & Aide à la décision,Gestion des risques (politique, économique, socioculturel, psychosociale,technologique…),Durabilité environnementale et justice sociale,Stratégie d'entreprise,Analyse des politiques publiques en développement I,Génie Civil,Césure académique - Génie Civil,Energie et développement durable,Recherche,Génie Civil
234,Chimie,Modélisation & Industrie,Traitement d'images et multimédias,La ville de demain : initiation à une démarche responsable et durable,Enjeux Socioéconomiques en Afrique,Ingénierie des systèmes complexes (ISC),Chimie,Césure professionnelle - Chimie,Sciences de données et digitalisation,Conception et Innovation,Chimie
235,Physique,Modélisation & Energie,Applications de la physique statistique aux SHS,Nouvelles technologies pour la mobilité terrestre,Enjeux Socioéconomiques en Afrique,Développement en Afrique (DEA),Physique,Césure académique - Physique,Sciences de données et digitalisation,Manager,Informatique
236,Informatique,Modélisation & Energie,Introduction au Machine Learning,Logiciels de commerce (CATIA et ABAQUS),Marketing,Ingénierie des systèmes complexes (ISC),Informatique,Césure académique - Informatique,Sciences de données et digitalisation,Manager,Informatique
237,Electronique,Modélisation & Matériaux,Physique théorique,Réseaux Télécoms,La ville de demain : initiation à une démarche responsable et durable,Industrie 4.0,Electronique,Césure académique - Electronique,Génie industriel,Entrepreneur,Electronique
238,Génie Civil,Modélisation & Aide à la décision,Gestion des risques (politique, économique, socioculturel, psychosociale,technologique…),Durabilité environnementale et justice sociale,Stratégie d'entreprise,Analyse des politiques publiques en développement I,Génie Civil,Césure académique - Génie Civil,Energie et développement durable,Recherche,Génie Civil
239,Chimie,Modélisation & Industrie,Traitement d'images et multimédias,La ville de demain : initiation à une démarche responsable et durable,Enjeux Socioéconomiques en Afrique,Ingénierie des systèmes complexes (ISC),Chimie,Césure professionnelle - Chimie,Sciences de données et digitalisation,Conception et Innovation,Chimie
240,Physique,Modélisation & Energie,Applications de la physique statistique aux SHS,Nouvelles technologies pour la mobilité terrestre,Enjeux Socioéconomiques en Afrique,Développement en Afrique (DEA),Physique,Césure académique - Physique,Sciences de données et digitalisation,Manager,Informatique
241,Informatique,Modélisation & Energie,Introduction au Machine Learning,Logiciels de commerce (CATIA et ABAQUS),Marketing,Ingénierie des systèmes complexes (ISC),Informatique,Césure académique - Informatique,Sciences de données et digitalisation,Manager,Informatique
242,Electronique,Modélisation & Matériaux,Physique théorique,Réseaux Télécoms,La ville de demain : initiation à une démarche responsable et durable,Industrie 4.0,Electronique,Césure académique - Electronique,Génie industriel,Entrepreneur,Electronique
243,Génie Civil,Modélisation & Aide à la décision,Gestion des risques (politique, économique, socioculturel, psychosociale,technologique…),Durabilité environnementale et justice sociale,Stratégie d'entreprise,Analyse des politiques publiques en développement I,Génie Civil,Césure académique - Génie Civil,Energie et développement durable,Recherche,Génie Civil
244,Chimie,Modélisation & Industrie,Traitement d'images et multimédias,La ville de demain : initiation à une démarche responsable et durable,Enjeux Socioéconomiques en Afrique,Ingénierie des systèmes complexes (ISC),Chimie,Césure professionnelle - Chimie,Sciences de données et digitalisation,Conception et Innovation,Chimie
245,Physique,Modélisation & Energie,Applications de la physique statistique aux SHS,Nouvelles technologies pour la mobilité terrestre,Enjeux Socioéconomiques en Afrique,Développement en Afrique (DEA),Physique,Césure académique - Physique,Sciences de données et digitalisation,Manager,Informatique
246,Informatique,Modélisation & Energie,Introduction au Machine Learning,Logiciels de commerce (CATIA et ABAQUS),Marketing,Ingénierie des systèmes complexes (ISC),Informatique,Césure académique - Informatique,Sciences de données et digitalisation,Manager,Informatique
247,Electronique,Modélisation & Matériaux,Physique théorique,Réseaux Télécoms,La ville de demain : initiation à une démarche responsable et durable,Industrie 4.0,Electronique,Césure académique - Electronique,Génie industriel,Entrepreneur,Electronique
248,Génie Civil,Modélisation & Aide à la décision,Gestion des risques (politique, économique, socioculturel, psychosociale,technologique…),Durabilité environnementale et justice sociale,Stratégie d'entreprise,Analyse des politiques publiques en développement I,Génie Civil,Césure académique - Génie Civil,Energie et développement durable,Recherche,Génie Civil
249,Chimie,Modélisation & Industrie,Traitement d'images et multimédias,La ville de demain : initiation à une démarche responsable et durable,Enjeux Socioéconomiques en Afrique,Ingénierie des systèmes complexes (ISC),Chimie,Césure professionnelle - Chimie,Sciences de données et digitalisation,Conception et Innovation,Chimie
250,Physique,Modélisation & Energie,Applications de la physique statistique aux SHS,Nouvelles technologies pour la mobilité terrestre,Enjeux Socioéconomiques en Afrique,Développement en Afrique (DEA),Physique,Césure académique - Physique,Sciences de données et digitalisation,Manager,Informatique
251,Informatique,Modélisation & Energie,Introduction au Machine Learning,Logiciels de commerce (CATIA et ABAQUS),Marketing,Ingénierie des systèmes complexes (ISC),Informatique,Césure académique - Informatique,Sciences de données et digitalisation,Manager,Informatique
252,Electronique,Modélisation & Matériaux,Physique théorique,Réseaux Télécoms,La ville de demain : initiation à une démarche responsable et durable,Industrie 4.0,Electronique,Césure académique - Electronique,Génie industriel,Entrepreneur,Electronique
253,Génie Civil,Modélisation & Aide à la décision,Gestion des risques (politique, économique, socioculturel, psychosociale,technologique…),Durabilité environnementale et justice sociale,Stratégie d'entreprise,Analyse des politiques publiques en développement I,Génie Civil,Césure académique - Génie Civil,Energie et développement durable,Recherche,Génie Civil
254,Chimie,Modélisation & Industrie,Traitement d'images et multimédias,La ville de demain : initiation à une démarche responsable et durable,Enjeux Socioéconomiques en Afrique,Ingénierie des systèmes complexes (ISC),Chimie,Césure professionnelle - Chimie,Sciences de données et digitalisation,Conception et Innovation,Chimie
255,Physique,Modélisation & Energie,Applications de la physique statistique aux SHS,Nouvelles technologies pour la mobilité terrestre,Enjeux Socioéconomiques en Afrique,Développement en Afrique (DEA),Physique,Césure académique - Physique,Sciences de données et digitalisation,Manager,Informatique
256,Informatique,Modélisation & Energie,Introduction au Machine Learning,Logiciels de commerce (CATIA et ABAQUS),Marketing,Ingénierie des systèmes complexes (ISC),Informatique,Césure académique - Informatique,Sciences de données et digitalisation,Manager,Informatique
257,Electronique,Modélisation & Matériaux,Physique théorique,Réseaux Télécoms,La ville de demain : initiation à une démarche responsable et durable,Industrie 4.0,Electronique,Césure académique - Electronique,Génie industriel,Entrepreneur,Electronique
258,Génie Civil,Modélisation & Aide à la décision,Gestion des risques (politique, économique, socioculturel, psychosociale,technologique…),Durabilité environnementale et justice sociale,Stratégie d'entreprise,Analyse des politiques publiques en développement I,Génie Civil,Césure académique - Génie Civil,Energie et développement durable,Recherche,Génie Civil
259,Chimie,Modélisation & Industrie,Traitement d'images et multimédias,La ville de demain : initiation à une démarche responsable et durable,Enjeux Socioéconomiques en Afrique,Ingénierie des systèmes complexes (ISC),Chimie,Césure professionnelle - Chimie,Sciences de données et digitalisation,Conception et Innovation,Chimie
260,Physique,Modélisation & Energie,Applications de la physique statistique aux SHS,Nouvelles technologies pour la mobilité terrestre,Enjeux Socioéconomiques en Afrique,Développement en Afrique (DEA),Physique,Césure académique - Physique,Sciences de données et digitalisation,Manager,Informatique
261,Informatique,Modélisation & Energie,Introduction au Machine Learning,Logiciels de commerce (CATIA et ABAQUS),Marketing,Ingénierie des systèmes complexes (ISC),Informatique,Césure académique - Informatique,Sciences de données et digitalisation,Manager,Informatique
262,Electronique,Modélisation & Matériaux,Physique théorique,Réseaux Télécoms,La ville de demain : initiation à une démarche responsable et durable,Industrie 4.0,Electronique,Césure académique - Electronique,Génie industriel,Entrepreneur,Electronique
263,Génie Civil,Modélisation & Aide à la décision,Gestion des risques (politique, économique, socioculturel, psychosociale,technologique…),Durabilité environnementale et justice sociale,Stratégie d'entreprise,Analyse des politiques publiques en développement I,Génie Civil,Césure académique - Génie Civil,Energie et développement durable,Recherche,Génie Civil
264,Chimie,Modélisation & Industrie,Traitement d'images et multimédias,La ville de demain : initiation à une démarche responsable et durable,Enjeux Socioéconomiques en Afrique,Ingénierie des systèmes complexes (ISC),Chimie,Césure professionnelle - Chimie,Sciences de données et digitalisation,Conception et Innovation,Chimie
265,Physique,Modélisation & Energie,Applications de la physique statistique aux SHS,Nouvelles technologies pour la mobilité terrestre,Enjeux Socioéconomiques en Afrique,Développement en Afrique (DEA),Physique,Césure académique - Physique,Sciences de données et digitalisation,Manager,Informatique
266,Informatique,Modélisation & Energie,Introduction au Machine Learning,Logiciels de commerce (CATIA et ABAQUS),Marketing,Ingénierie des systèmes complexes (ISC),Informatique,Césure académique - Informatique,Sciences de données et digitalisation,Manager,Informatique
267,Electronique,Modélisation & Matériaux,Physique théorique,Réseaux Télécoms,La ville de demain : initiation à une démarche responsable et durable,Industrie 4.0,Electronique,Césure académique - Electronique,Génie industriel,Entrepreneur,Electronique
268,Génie Civil,Modélisation & Aide à la décision,Gestion des risques (politique, économique, socioculturel, psychosociale,technologique…),Durabilité environnementale et justice sociale,Stratégie d'entreprise,Analyse des politiques publiques en développement I,Génie Civil,Césure académique - Génie Civil,Energie et développement durable,Recherche,Génie Civil
269,Chimie,Modélisation & Industrie,Traitement d'images et multimédias,La ville de demain : initiation à une démarche responsable et durable,Enjeux Socioéconomiques en Afrique,Ingénierie des systèmes complexes (ISC),Chimie,Césure professionnelle - Chimie,Sciences de données et digitalisation,Conception et Innovation,Chimie
270,Physique,Modélisation & Energie,Applications de la physique statistique aux SHS,Nouvelles technologies pour la mobilité terrestre,Enjeux Socioéconomiques en Afrique,Développement en Afrique (DEA),Physique,Césure académique - Physique,Sciences de données et digitalisation,Manager,Informatique
271,Informatique,Modélisation & Energie,Introduction au Machine Learning,Logiciels de commerce (CATIA et ABAQUS),Marketing,Ingénierie des systèmes complexes (ISC),Informatique,Césure académique - Informatique,Sciences de données et digitalisation,Manager,Informatique
272,Electronique,Modélisation & Matériaux,Physique théorique,Réseaux Télécoms,La ville de demain : initiation à une démarche responsable et durable,Industrie 4.0,Electronique,Césure académique - Electronique,Génie industriel,Entrepreneur,Electronique
273,Génie Civil,Modélisation & Aide à la décision,Gestion des risques (politique, économique, socioculturel, psychosociale,technologique…),Durabilité environnementale et justice sociale,Stratégie d'entreprise,Analyse des politiques publiques en développement I,Génie Civil,Césure académique - Génie Civil,Energie et développement durable,Recherche,Génie Civil
274,Chimie,Modélisation & Industrie,Traitement d'images et multimédias,La ville de demain : initiation à une démarche responsable et durable,Enjeux Socioéconomiques en Afrique,Ingénierie des systèmes complexes (ISC),Chimie,Césure professionnelle - Chimie,Sciences de données et digitalisation,Conception et Innovation,Chimie
275,Physique,Modélisation & Energie,Applications de la physique statistique aux SHS,Nouvelles technologies pour la mobilité terrestre,Enjeux Socioéconomiques en Afrique,Développement en Afrique (DEA),Physique,Césure académique - Physique,Sciences de données et digitalisation,Manager,Informatique
276,Informatique,Modélisation & Energie,Introduction au Machine Learning,Logiciels de commerce (CATIA et ABAQUS),Marketing,Ingénierie des systèmes complexes (ISC),Informatique,Césure académique - Informatique,Sciences de données et digitalisation,Manager,Informatique
277,Electronique,Modélisation & Matériaux,Physique théorique,Réseaux Télécoms,La ville de demain : initiation à une démarche responsable et durable,Industrie 4.0,Electronique,Césure académique - Electronique,Génie industriel,Entrepreneur,Electronique
278,Génie Civil,Modélisation & Aide à la décision,Gestion des risques (politique, économique, socioculturel, psychosociale,technologique…),Durabilité environnementale et justice sociale,Stratégie d'entreprise,Analyse des politiques publiques en développement I,Génie Civil,Césure académique - Génie Civil,Energie et développement durable,Recherche,Génie Civil
279,Chimie,Modélisation & Industrie,Traitement d'images et multimédias,La ville de demain : initiation à une démarche responsable et durable,Enjeux Socioéconomiques en Afrique,Ingénierie des systèmes complexes (ISC),Chimie,Césure professionnelle - Chimie,Sciences de données et digitalisation,Conception et Innovation,Chimie
280,Physique,Modélisation & Energie,Applications de la physique statistique aux SHS,Nouvelles technologies pour la mobilité terrestre,Enjeux Socioéconomiques en Afrique,Développement en Afrique (DEA),Physique,Césure académique - Physique,Sciences de données et digitalisation,Manager,Informatique
281,Informatique,Modélisation & Energie,Introduction au Machine Learning,Logiciels de commerce (CATIA et ABAQUS),Marketing,Ingénierie des systèmes complexes (ISC),Informatique,Césure académique - Informatique,Sciences de données et digitalisation,Manager,Informatique
282,Electronique,Modélisation & Matériaux,Physique théorique,Réseaux Télécoms,La ville de demain : initiation à une démarche responsable et durable,Industrie 4.0,Electronique,Césure académique - Electronique,Génie industriel,Entrepreneur,Electronique
283,Génie Civil,Modélisation & Aide à la décision,Gestion des risques (politique, économique, socioculturel, psychosociale,technologique…),Durabilité environnementale et justice sociale,Stratégie d'entreprise,Analyse des politiques publiques en développement I,Génie Civil,Césure académique - Génie Civil,Energie et développement durable,Recherche,Génie Civil
284,Chimie,Modélisation & Industrie,Traitement d'images et multimédias,La ville de demain : initiation à une démarche responsable et durable,Enjeux Socioéconomiques en Afrique,Ingénierie des systèmes complexes (ISC),Chimie,Césure professionnelle - Chimie,Sciences de données et digitalisation,Conception et Innovation,Chimie
285,Physique,Modélisation & Energie,Applications de la physique statistique aux SHS,Nouvelles technologies pour la mobilité terrestre,Enjeux Socioéconomiques en Afrique,Développement en Afrique (DEA),Physique,Césure académique - Physique,Sciences de données et digitalisation,Manager,Informatique
286,Informatique,Modélisation & Energie,Introduction au Machine Learning,Logiciels de commerce (CATIA et ABAQUS),Marketing,Ingénierie des systèmes complexes (ISC),Informatique,Césure académique - Informatique,Sciences de données et digitalisation,Manager,Informatique
287,Electronique,Modélisation & Matériaux,Physique théorique,Réseaux Télécoms,La ville de demain : initiation à une démarche responsable et durable,Industrie 4.0,Electronique,Césure académique - Electronique,Génie industriel,Entrepreneur,Electronique
288,Génie Civil,Modélisation & Aide à la décision,Gestion des risques (politique, économique, socioculturel, psychosociale,technologique…),Durabilité environnementale et justice sociale,Stratégie d'entreprise,Analyse des politiques publiques en développement I,Génie Civil,Césure académique - Génie Civil,Energie et développement durable,Recherche,Génie Civil
289,Chimie,Modélisation & Industrie,Traitement d'images et multimédias,La ville de demain : initiation à une démarche responsable et durable,Enjeux Socioéconomiques en Afrique,Ingénierie des systèmes complexes (ISC),Chimie,Césure professionnelle - Chimie,Sciences de données et digitalisation,Conception et Innovation,Chimie
290,Physique,Modélisation & Energie,Applications de la physique statistique aux SHS,Nouvelles technologies pour la mobilité terrestre,Enjeux Socioéconomiques en Afrique,Développement en Afrique (DEA),Physique,Césure académique - Physique,Sciences de données et digitalisation,Manager,Informatique
291,Informatique,Modélisation & Energie,Introduction au Machine Learning,Logiciels de commerce (CATIA et ABAQUS),Marketing,Ingénierie des systèmes complexes (ISC),Informatique,Césure académique - Informatique,Sciences de données et digitalisation,Manager,Informatique
292,Electronique,Modélisation & Matériaux,Physique théorique,Réseaux Télécoms,La ville de demain : initiation à une démarche responsable et durable,Industrie 4.0,Electronique,Césure académique - Electronique,Génie industriel,Entrepreneur,Electronique
293,Génie Civil,Modélisation & Aide à la décision,Gestion des risques (politique, économique, socioculturel, psychosociale,technologique…),Durabilité environnementale et justice sociale,Stratégie d'entreprise,Analyse des politiques publiques en développement I,Génie Civil,Césure académique - Génie Civil,Energie et développement durable,Recherche,Génie Civil
294,Chimie,Modélisation & Industrie,Traitement d'images et multimédias,La ville de demain : initiation à une démarche responsable et durable,Enjeux Socioéconomiques en Afrique,Ingénierie des systèmes complexes (ISC),Chimie,Césure professionnelle - Chimie,Sciences de données et digitalisation,Conception et Innovation,Chimie
295,Physique,Modélisation & Energie,Applications de la physique statistique aux SHS,Nouvelles technologies pour la mobilité terrestre,Enjeux Socioéconomiques en Afrique,Développement en Afrique (DEA),Physique,Césure académique - Physique,Sciences de données et digitalisation,Manager,Informatique
296,Informatique,Modélisation & Energie,Introduction au Machine Learning,Logiciels de commerce (CATIA et ABAQUS),Marketing,Ingénierie des systèmes complexes (ISC),Informatique,Césure académique - Informatique,Sciences de données et digitalisation,Manager,Informatique
297,Electronique,Modélisation & Matériaux,Physique théorique,Réseaux Télécoms,La ville de demain : initiation à une démarche responsable et durable,Industrie 4.0,Electronique,Césure académique - Electronique,Génie industriel,Entrepreneur,Electronique
298,Génie Civil,Modélisation & Aide à la décision,Gestion des risques (politique, économique, socioculturel, psychosociale,technologique…),Durabilité environnementale et justice sociale,Stratégie d'entreprise,Analyse des politiques publiques en développement I,Génie Civil,Césure académique - Génie Civil,Energie et développement durable,Recherche,Génie Civil
299,Chimie,Modélisation & Industrie,Traitement d'images et multimédias,La ville de demain : initiation à une démarche responsable et durable,Enjeux Socioéconomiques en Afrique,Ingénierie des systèmes complexes (ISC),Chimie,Césure professionnelle - Chimie,Sciences de données et digitalisation,Conception et Innovation,Chimie
300,Physique,Modélisation & Energie,Applications de la physique statistique aux SHS,Nouvelles technologies pour la mobilité terrestre,Enjeux Socioéconomiques en Afrique,Développement en Afrique (DEA),Physique,Césure académique - Physique,Sciences de données et digitalisation,Manager,Informatique
